CODIGO,ETAPA,DEPARTAMENTO,MUNICIPIO
COL001,Unico encuentro,Santander,San Miguel
COL001,Unico encuentro,Putumayo,Puerto Guzmán
COL001,Unico encuentro,Putumayo,Puerto Asís
COL001,Unico encuentro,Putumayo,Villagarzón
COL001,Unico encuentro,Putumayo,Valle del Guamuez
COL001,Unico encuentro,Putumayo,Puerto Leguizamo
COL001,Unico encuentro,Norte de Santander,Tibú
COL001,Unico encuentro,Norte de Santander,Ragonvalia
COL001,Unico encuentro,Norte de Santander,El Carmen
COL001,Unico encuentro,Norte de Santander,Teorama
COL001,Unico encuentro,Norte de Santander,Pamplonita
COL001,Unico encuentro,Norte de Santander,Pamplona
COL001,Unico encuentro,Norte de Santander,Toledo
COL001,Unico encuentro,Meta,El Castillo
COL001,Unico encuentro,Meta,Vistahermosa
COL001,Unico encuentro,Meta,Villavicencio
COL001,Unico encuentro,Guaviare,El Retorno
COL001,Unico encuentro,Guaviare,San José del Guaviare
COL001,Unico encuentro,Bolívar,Calamar
COL002,Unico encuentro,Tolima,Ataco
COL002,Unico encuentro,Tolima,Planadas
COL002,Unico encuentro,Santander,San Miguel
COL002,Unico encuentro,Putumayo,Puerto Caicedo
COL002,Unico encuentro,Putumayo,Orito
COL002,Unico encuentro,Putumayo,Puerto Asís
COL002,Unico encuentro,Putumayo,Valle del Guamuez
COL002,Unico encuentro,Antioquia,Necoclí
COL003,Unico encuentro,Putumayo,Puerto Asís
COL003,Unico encuentro,Meta,San Juan de Arama
COL003,Unico encuentro,Meta,Puerto Lleras
COL003,Unico encuentro,Meta,Vista Hermosa
COL003,Unico encuentro,Antioquia,San Francisco
COL004,Unico encuentro,Cesar,La Paz
COL004,Unico encuentro,Putumayo,Puerto Asís
COL004,Unico encuentro,Cesar,Valledupar
COL005,Unico encuentro,Casanare,Chameza
COL005,Unico encuentro,Casanare,Recetor
COL005,Unico encuentro,Casanare,Yopal
COL005,Unico encuentro,Bolívar,El Carmen de Bolívar
COL005,Unico encuentro,Córdoba,San Carlos
COL006,Unico encuentro,Risaralda,Pereira
COL006,Unico encuentro,Magdalena,Santa Marta
COL006,Unico encuentro,La Guajira,Riohacha
COL006,Unico encuentro,La Guajira,Maicao
COL006,Unico encuentro,Cundinamarca,Guasca
COL006,Unico encuentro,Cundinamarca,Gachalá
COL006,Unico encuentro,Córdoba,Lorica
COL006,Unico encuentro,Córdoba,Purisima
COL006,Unico encuentro,Caldas,Manizales
COL006,Unico encuentro,Bolívar,Turbaco
COL006,Unico encuentro,Bolívar,Santa Catalina de Alejandría
COL007,Apertura,Risaralda,Belén de Umbría
COL007,Apertura,Norte de Santander,Teorama
COL007,Apertura,Norte de Santander,El Carmen
COL007,Apertura,Magdalena,Plato
COL007,Apertura,La Guajira,Hatonuevo
COL007,Apertura,Córdoba,Tierralta
COL007,Apertura,Córdoba,Sahagún
COL007,Apertura,Cauca,Jambaló
COL007,Apertura,Casanare,Villanueva
COL007,Apertura,Caquetá,El Paujil
COL007,Apertura,Arauca,Tame
COL007,Apertura,Arauca,Arauquita
COL007,Apertura,Arauca,Saravena
COL007,Apertura,Arauca,Fortul
COL007,Seguimiento/Cierre,Risaralda,Belén de Umbría
COL007,Seguimiento/Cierre,Arauca,Arauca
COL008,Unico encuentro,Tolima,Marquetalia
COL008,Unico encuentro,La Guajira,Albania
COL008,Unico encuentro,Cundinamarca,Caparrapí
COL008,Unico encuentro,Cundinamarca,Yacopí
COL008,Unico encuentro,Cundinamarca,Guaduas
COL008,Unico encuentro,Cundinamarca,Chaguaní
COL008,Unico encuentro,Cundinamarca,La Plama
COL008,Unico encuentro,Cundinamarca,Puerto Salgar
COL008,Unico encuentro,Caquetá,Belén de los Andaquíes
COL008,Unico encuentro,Caquetá,Cartagena del Chairá
COL008,Unico encuentro,Caquetá,Curillo
COL008,Unico encuentro,Caquetá,El Paujil
COL008,Unico encuentro,Caquetá,Florencia
COL008,Unico encuentro,Caquetá,La Montañita
COL008,Unico encuentro,Caquetá,Morelia
COL008,Unico encuentro,Caquetá,Milán
COL008,Unico encuentro,Caquetá,Puerto Rico
COL008,Unico encuentro,Caquetá,San José del Fragua
COL008,Unico encuentro,Caquetá,Solano
COL008,Unico encuentro,Caquetá,Solita
COL008,Unico encuentro,Caldas,Samaná
COL008,Unico encuentro,Caldas,Marulanda
COL008,Unico encuentro,Caldas,La Dorada
COL008,Unico encuentro,Caldas,Norcasia
COL008,Unico encuentro,Caldas,Victoria
COL008,Unico encuentro,Caldas,Manzanares
COL008,Unico encuentro,Caldas,Penslvania
COL008,Unico encuentro,Boyacá,Puerto Boyacá
COL008,Unico encuentro,Antioquia,Medellín
COL008,Unico encuentro,Antioquia,Puerto Triunfo
COL008,Unico encuentro,Antioquia,Sonsón
COL008,Unico encuentro,Antioquia,Valparaiso
COL009,Unico encuentro,Valle del Cauca,Buenaventura
COL009,Unico encuentro,Valle del Cauca,Yurumangui
COL009,Unico encuentro,Nariño,Tumaco
COL009,Unico encuentro,Córdoba,Tierralta
COL009,Unico encuentro,Córdoba,Lorica
COL009,Unico encuentro,Córdoba,San Bernando del Viento
COL009,Unico encuentro,Chocó,Acandí
COL009,Unico encuentro,Chocó,Capurganá
COL009,Unico encuentro,Chocó,Litoral del San Juan
COL009,Unico encuentro,Chocó,Bajo Baudó
COL009,Unico encuentro,Chocó,Juradó
COL009,Unico encuentro,Chocó,Bahía Solano
COL009,Unico encuentro,Chocó,NuquÍ
COL009,Unico encuentro,Cauca,Guapi
COL010,Unico encuentro,Valle del Cauca,San Pedro
COL010,Unico encuentro,Valle del Cauca,Trujillo
COL010,Unico encuentro,Valle del Cauca,El Dovio
COL010,Unico encuentro,Valle del Cauca,Roldanillo
COL010,Unico encuentro,Santander,Bucaramanga
COL010,Unico encuentro,Santander,Floridablanca
COL010,Unico encuentro,Santander,Piedecuesta
COL010,Unico encuentro,Santander,Girón
COL010,Unico encuentro,Santander,Matanza
COL010,Unico encuentro,Santander,Suratá
COL010,Unico encuentro,Santander,California
COL010,Unico encuentro,Santander,Vetas
COL010,Unico encuentro,Santander,Charta
COL010,Unico encuentro,Santander,Tona
COL010,Unico encuentro,Santander,Lebrija
COL010,Unico encuentro,Santander,El Playón
COL010,Unico encuentro,Norte de Santander,Mitiscua
COL010,Unico encuentro,Norte de Santander,Silos
COL010,Unico encuentro,Nariño,Barbacoas
COL010,Unico encuentro,Nariño,Maguí Payán
COL010,Unico encuentro,Nariño,Roberto Payán
COL010,Unico encuentro,Nariño,Iscuandé
COL010,Unico encuentro,Nariño,Olaya Herrera
COL010,Unico encuentro,Nariño,El Charco
COL010,Unico encuentro,Nariño,Francisco Pizarro
COL010,Unico encuentro,Nariño,Mallama
COL010,Unico encuentro,Nariño,Tumaco
COL010,Unico encuentro,Magdalena,El Banco
COL010,Unico encuentro,Cundinamarca,Mosquera
COL010,Unico encuentro,Cundinamarca,Ricaurte
COL010,Unico encuentro,Chocó,Acandí
COL010,Unico encuentro,Chocó,Unguía
COL010,Unico encuentro,Chocó,Riosucio
COL010,Unico encuentro,Chocó,Carmen del Darien
COL010,Unico encuentro,Cesar,Astrea
COL010,Unico encuentro,Cesar,Chimichagua
COL010,Unico encuentro,Cesar,Chiriguná
COL010,Unico encuentro,Cesar,Curumaní
COL010,Unico encuentro,Cesar,El paso
COL010,Unico encuentro,Cesar,La Gloria
COL010,Unico encuentro,Cesar,Pailitas
COL010,Unico encuentro,Cesar,Pelaya
COL010,Unico encuentro,Cesar,Tamalameque
COL010,Unico encuentro,Cauca,Silvia
COL010,Unico encuentro,Cauca,Caldono
COL010,Unico encuentro,Cauca,Jambaló
COL010,Unico encuentro,Cauca,Corinto
COL010,Unico encuentro,Cauca,Toribío
COL010,Unico encuentro,Boyacá,Guayetá
COL010,Unico encuentro,Boyacá,Somondoco
COL010,Unico encuentro,Boyacá,Guateque
COL010,Unico encuentro,Boyacá,Sutatenza
COL010,Unico encuentro,Boyacá,Tenza
COL010,Unico encuentro,Boyacá,La Capilla
COL010,Unico encuentro,Boyacá,Almeida
COL010,Unico encuentro,Boyacá,Chivor
COL010,Unico encuentro,Boyacá,Garagoa
COL010,Unico encuentro,Boyacá,Pachavita
COL010,Unico encuentro,Boyacá,Chinavita
COL010,Unico encuentro,Boyacá,Macanal
COL010,Unico encuentro,Boyacá,San Luis de Gaceno
COL010,Unico encuentro,Boyacá,Santa María
COL010,Unico encuentro,Boyacá,Campohermoso
COL010,Unico encuentro,Boyacá,Villa de Leyva
COL010,Unico encuentro,Boyacá,Gachantivá
COL010,Unico encuentro,Boyacá,Ráquira
COL010,Unico encuentro,Boyacá,Sáchica
COL010,Unico encuentro,Boyacá,Santa Sofía
COL010,Unico encuentro,Arauca,Arauca
COL010,Unico encuentro,Arauca,Arauquita
COL010,Unico encuentro,Arauca,Cravo Norte
COL010,Unico encuentro,Arauca,Puerto Rondón
COL010,Unico encuentro,Arauca,Tame
COL010,Unico encuentro,Arauca,Fortul
COL010,Unico encuentro,Arauca,Saravena
COL010,Unico encuentro,Antioquia,Arboletes
COL010,Unico encuentro,Antioquia,San Juan de Urabá
COL010,Unico encuentro,Antioquia,Necoclí
COL010,Unico encuentro,Antioquia,Turbo
COL010,Unico encuentro,Antioquia,Apartadó
COL010,Unico encuentro,Antioquia,Carepa
COL010,Unico encuentro,Antioquia,Chicorodóa
COL010,Unico encuentro,Antioquia,Mutatá
COL010,Unico encuentro,Antioquia,Murindó
COL010,Unico encuentro,Antioquia,Vigía del Fuerte
COL010,Unico encuentro,Antioquia,La Unión
COL010,Unico encuentro,Antioquia,Rionegro
COL010,Unico encuentro,Antioquia,Santa Barbará
COL010,Unico encuentro,Cauca,Bolívar
COL010,Unico encuentro,Risaralda,La Tolda
COL010,Unico encuentro,Boyacá,Sutamarchan
COL010,Unico encuentro,Boyacá,Tinjacá
COL011,Unico encuentro,Sucre,Ovejas
COL011,Unico encuentro,Sucre,Los Palmitos
COL011,Unico encuentro,Sucre,Colosó
COL011,Unico encuentro,Sucre,Chalán
COL011,Unico encuentro,Sucre,Morroa
COL011,Unico encuentro,Sucre,Toluviejo
COL011,Unico encuentro,Sucre,San Antonio de Palmito
COL011,Unico encuentro,Sucre,San Onofre
COL011,Unico encuentro,San Andrés y Providencia,San Andres y Providencia
COL011,Unico encuentro,Magdalena,Santa Marta
COL011,Unico encuentro,La Guajira,Riohacha
COL011,Unico encuentro,Córdoba,Tierralta
COL011,Unico encuentro,Cesar,Valledupar
COL011,Unico encuentro,Bolívar,El Carmen de Bolívar
COL011,Unico encuentro,Bolívar,San Juan Nepomuceno
COL011,Unico encuentro,Bolívar,San Jacinto
COL011,Unico encuentro,Bolívar,Zambrano
COL011,Unico encuentro,Bolívar,El Guamo
COL011,Unico encuentro,Bolívar,Córdoba
COL011,Unico encuentro,Bolívar,María La Baja
COL011,Unico encuentro,Atlántico,Barranquilla
COL011,Unico encuentro,Atlántico,Luruaco
COL012,Unico encuentro,Tolima,Chaparral
COL012,Unico encuentro,Tolima,Casablanca
COL012,Unico encuentro,Tolima,Ibagué
COL012,Unico encuentro,Tolima,Planadas
COL012,Unico encuentro,Meta,Macarena
COL012,Unico encuentro,Huila,Oporapa
COL012,Unico encuentro,Huila,Neiva
COL012,Unico encuentro,Huila,San Agustín
COL012,Unico encuentro,Huila,San Antonio de Anaconia
COL012,Unico encuentro,Huila,Tello
COL012,Unico encuentro,Caquetá,San Vicente del Caguán
COL013,Apertura,Sucre,Corozal
COL013,Apertura,Córdoba,Montelibano
COL013,Apertura,Córdoba,Montería
COL013,Apertura,Córdoba,Tierralta
COL013,Apertura,Bogotá D.C.,Bogotá D.C.
COL013,Apertura,Antioquia,Apartadó
COL013,Apertura,Antioquia,Carepa
COL013,Apertura,Antioquia,Medellín
COL013,Apertura,Antioquia,Necoclí
COL013,Seguimiento/Cierre,Córdoba,Montería
COL013,Seguimiento/Cierre,Córdoba,Montelibano
COL013,Seguimiento/Cierre,Córdoba,Tierralta
COL013,Seguimiento/Cierre,Antioquia,Medellín
COL013,Seguimiento/Cierre,Antioquia,Apartadó
COL014,Unico encuentro,Norte de Santander,Cúcuta
COL014,Unico encuentro,Arauca,Arauca
COL015,Unico encuentro,Risaralda,Pereira
COL015,Unico encuentro,Putumayo,Villagarzón
COL015,Unico encuentro,Putumayo,Mocoa
COL015,Unico encuentro,Putumayo,Puerto Caicedo
COL015,Unico encuentro,Norte de Santander,Ocaña
COL015,Unico encuentro,Norte de Santander,San Calixto
COL015,Unico encuentro,Norte de Santander,El Tarra
COL015,Unico encuentro,Norte de Santander,El Carmen
COL015,Unico encuentro,La Guajira,Hatonuevo
COL015,Unico encuentro,Córdoba,Sahagún
COL015,Unico encuentro,Cesar,Valledupar
COL015,Unico encuentro,Cauca,Jambaló
COL015,Unico encuentro,Casanare,Villanueva
COL015,Unico encuentro,Caquetá,Cartagena del Chairá
COL015,Unico encuentro,Arauca,Arauquita
COL015,Unico encuentro,Arauca,Fortul
COL015,Unico encuentro,Arauca,Tame
COL015,Unico encuentro,Arauca,Arauca
COL016,Unico encuentro,Putumayo,Puerto Asís
COL016,Unico encuentro,Putumayo,Sibundoy
COL016,Unico encuentro,Cauca,Popayán
COL017,Unico encuentro,Vaupes,Mitú
COL017,Unico encuentro,Risaralda,Mistrato
COL017,Unico encuentro,Nariño,Pasto
COL017,Unico encuentro,La Guajira,Riohacha
COL017,Unico encuentro,La Guajira,Uribia
COL017,Unico encuentro,Chocó,Nuquí
COL017,Unico encuentro,Cauca,Jambaló
COL017,Unico encuentro,Cauca,Silvia
COL017,Unico encuentro,Cauca,Corinto
COL017,Unico encuentro,Cauca,Toribío
COL017,Unico encuentro,Cauca,Caldono
COL017,Unico encuentro,Cauca,Santander de Quilichao
COL017,Unico encuentro,Amazonas,Leticia
COL018,Unico encuentro,Putumayo,Puerto Asís
COL018,Unico encuentro,Norte de Santander,Tibú
COL018,Unico encuentro,Meta,Uribe
COL018,Unico encuentro,Guaviare,San José del Guaviare
COL018,Unico encuentro,Boyacá,San Pablo de Borbur
COL018,Unico encuentro,Antioquia,Briceño
COL019,Unico encuentro,Tolima,Ibagué
COL019,Unico encuentro,Tolima,Cajamarca
COL019,Unico encuentro,Risaralda,Guática
COL019,Unico encuentro,Risaralda,Belén de Umbría
COL019,Unico encuentro,Quindío,Armenia
COL019,Unico encuentro,Putumayo,Mocoa
COL019,Unico encuentro,Norte de Santander,Gramalote
COL019,Unico encuentro,La Guajira,Riohacha
COL019,Unico encuentro,Huila,Neiva
COL019,Unico encuentro,Huila,Neiva
COL019,Unico encuentro,Chocó,Quibdó
COL019,Unico encuentro,Bolívar,Cartagena
COL019,Unico encuentro,Antioquia,Apartadó
COL019,Unico encuentro,Antioquia,Necoclí
COL020,Unico encuentro,Antioquia,Turbo
COL020,Unico encuentro,Putumayo,Valle del Guamuez
COL020,Unico encuentro,Putumayo,Mocoa
COL020,Unico encuentro,Putumayo,Puerto Guzmán
COL020,Unico encuentro,Putumayo,Puerto Leguizamo
COL020,Unico encuentro,Meta,Mesetas
COL020,Unico encuentro,Meta,El Castillo
COL020,Unico encuentro,Meta,Lejanías
COL020,Unico encuentro,Atlántico,Manatí
COL021,Unico encuentro,Santander,San Miguel
COL021,Unico encuentro,Putumayo,Orito
COL021,Unico encuentro,Nariño,Pasto
COL021,Unico encuentro,Meta,Mesetas
COL021,Unico encuentro,Cesar,La Paz
COL021,Unico encuentro,Cauca,Caldono
COL021,Unico encuentro,Antioquia,Dabeiba
COL021,Unico encuentro,Antioquia,San Francisco
COL022,Unico encuentro,Tolima,Planadas
COL022,Unico encuentro,Santander,San Miguel
COL022,Unico encuentro,Putumayo,Valle del Guamuez
COL022,Unico encuentro,Putumayo,Orito
COL022,Unico encuentro,Putumayo,Puerto Caicedo
COL022,Unico encuentro,Norte de Santander,Teorama
COL022,Unico encuentro,Córdoba,Valencia
COL022,Unico encuentro,Córdoba,Montelibano
COL022,Unico encuentro,Cauca,Corinto
COL022,Unico encuentro,Caquetá,Puerto Rico
COL022,Unico encuentro,Caldas,Bolívar
COL023,Unico encuentro,Valle del Cauca,Buenaventura
COL023,Unico encuentro,Guainía,Guainía
COL023,Unico encuentro,Chocó,Quibdó
COL023,Unico encuentro,Chocó,Nuquí
COL023,Unico encuentro,Chocó,Bahía Solano
COL023,Unico encuentro,Chocó,Nuquí
COL023,Unico encuentro,Chocó,Cármen del Atrato
COL023,Unico encuentro,Chocó,Medio San Juan
COL023,Unico encuentro,Chocó,Tutunendo
COL023,Unico encuentro,Chocó,Quibdó
COL023,Unico encuentro,Chocó,Medio Atrato
COL023,Unico encuentro,Chocó,Bojayá
COL023,Unico encuentro,Boyacá,Puerto boyacá
COL024,Unico encuentro,Norte de Santander,Cúcuta
COL024,Unico encuentro,Norte de Santander,Ocaña
COL024,Unico encuentro,Nariño,Pasto
COL024,Unico encuentro,Nariño,Cumbal
COL024,Unico encuentro,Cundinamarca,Útica
COL024,Unico encuentro,Córdoba,Tuchín
COL024,Unico encuentro,Córdoba,Montería
COL024,Unico encuentro,Chocó,Istmina
COL024,Unico encuentro,Chocó,Quibdó
COL024,Unico encuentro,Cauca,Timbío
COL024,Unico encuentro,Cauca,Toribío
COL024,Unico encuentro,Cauca,Guapi
COL024,Unico encuentro,Bolívar,El Carmen de Bolívar
COL024,Unico encuentro,Bolívar,María La Baja
COL024,Unico encuentro,Bogotá D.C.,Bogotá D.C.
COL024,Unico encuentro,Arauca,Saravena
COL024,Unico encuentro,Antioquia,Medellín
COL024,Unico encuentro,Sucre,San Onofre
COL024,Unico encuentro,Putumayo,Mocoa
COL024,Unico encuentro,Putumayo,Sibundoy
COL025,Unico encuentro,Norte de Santander,El Tarra
COL025,Unico encuentro,Norte de Santander,Teorama
COL025,Unico encuentro,Norte de Santander,Tibú
COL025,Unico encuentro,Santander,San Miguel
COL025,Unico encuentro,Quindío,Circacia
COL025,Unico encuentro,Putumayo,Puerto Asís
COL025,Unico encuentro,Putumayo,Puerto Caicedo
COL025,Unico encuentro,Meta,Mesetas
COL025,Unico encuentro,Cauca,Miranda
COL025,Unico encuentro,Cauca,Buenos Aires
COL025,Unico encuentro,Arauca,Arauquita
COL026,Unico encuentro,Putumayo,Villagarzón
COL026,Unico encuentro,Norte de Santander,San Calixto
COL026,Unico encuentro,Norte de Santander,La Gabarra
COL026,Unico encuentro,Cundinamarca,La Vega
COL026,Unico encuentro,Arauca,Tame
COL026,Unico encuentro,Arauca,Arauquita
COL026,Unico encuentro,Arauca,Saravena
COL026,Unico encuentro,Antioquia,Argelia
COL027,Unico encuentro,Valle del Cauca,Cali
COL027,Unico encuentro,Santander,Floridablanca
COL027,Unico encuentro,Santander,Girón
COL027,Unico encuentro,Putumayo,Puerto Guzmán
COL027,Unico encuentro,Putumayo,Puerto Asís
COL027,Unico encuentro,Norte de Santander,Cúcuta
COL027,Unico encuentro,Norte de Santander,Ocaña
COL027,Unico encuentro,Chocó,Quibdó
COL027,Unico encuentro,Bolívar,Cartagena
COL027,Unico encuentro,Atlántico,Barranquilla
COL027,Unico encuentro,Arauca,Arauca
COL027,Unico encuentro,Antioquia,Medellín
COL028,Apertura,Tolima,Planadas
COL028,Apertura,Norte de Santander,Tibú
COL028,Apertura,Meta,Mesetas
COL028,Apertura,Meta,Puerto Gaitán
COL028,Apertura,Huila,Acevedo
COL028,Apertura,Huila,Garzon
COL028,Apertura,Huila,Teruel
COL028,Apertura,Huila,La Rivera
COL028,Apertura,Cundinamarca,Ubaté
COL028,Apertura,Cundinamarca,La Vega
COL028,Apertura,Cesar,San José de oriente
COL028,Apertura,Cauca,Miranda
COL028,Apertura,Cauca,Piendamó
COL028,Apertura,Caquetá,San Vicente del Caguán
COL028,Apertura,Caldas,Belalcázar
COL028,Apertura,Boyacá,Otanche
COL028,Apertura,Boyacá,Buenavista
COL028,Apertura,Arauca,Tame
COL028,Apertura,Antioquia,Montebello
COL028,Seguimiento/Cierre,Nariño,Tumaco
COL028,Seguimiento/Cierre,Meta,Mesetas
COL028,Seguimiento/Cierre,Huila,La Rivera
COL028,Seguimiento/Cierre,Cundinamarca,Ubaté
COL028,Seguimiento/Cierre,Cesar,La Paz
COL028,Seguimiento/Cierre,Cauca,Miranda
COL028,Seguimiento/Cierre,Cauca,Piendamó
COL028,Seguimiento/Cierre,Caquetá,San Vicente del Caguán
COL028,Seguimiento/Cierre,Caldas,Belalcázar
COL028,Seguimiento/Cierre,Boyacá,Otanche
COL028,Seguimiento/Cierre,Boyacá,Buenavista
COL028,Seguimiento/Cierre,Antioquia,Montebello
COL029,Apertura,Valle del Cauca,Cali
COL029,Apertura,Santander,Bucaramanga
COL029,Apertura,Risaralda,Pereira
COL029,Apertura,Nariño,Pasto
COL029,Apertura,Meta,Villavicencio
COL029,Apertura,Cundinamarca,Funza
COL029,Apertura,Cundinamarca,Tocancipá
COL029,Apertura,Córdoba,Montería
COL029,Apertura,Cauca,Popayán
COL029,Apertura,Caldas,Manizales
COL029,Apertura,Bogotá D.C.,Bogotá D.C.
COL029,Apertura,Atlántico,Barranquilla
COL029,Apertura,Antioquia,Medellín
COL029,Seguimiento/Cierre,Santander,Bucaramanga
COL029,Seguimiento/Cierre,Risaralda,Pereira
COL029,Seguimiento/Cierre,Cundinamarca,Funza
COL029,Seguimiento/Cierre,Cundinamarca,Tocancipá
COL029,Seguimiento/Cierre,Cauca,Popayán
COL029,Seguimiento/Cierre,Caldas,Manizales
COL029,Seguimiento/Cierre,Bogotá D.C.,Bogotá D.C.
COL029,Seguimiento/Cierre,Antioquia,Medellín
COL030,Apertura,Antioquia,Segovia
COL030,Apertura,Antioquia,Zaragoza
COL030,Apertura,Antioquia,Remedios
COL030,Apertura,Antioquia,Amalfi
COL030,Apertura,Antioquia,El Retiro
COL030,Seguimiento/Cierre,Antioquia,Segovia
COL030,Seguimiento/Cierre,Antioquia,Zaragoza
COL030,Seguimiento/Cierre,Antioquia,Remedios
COL030,Seguimiento/Cierre,Antioquia,Amalfi
COL030,Seguimiento/Cierre,Antioquia,El Retiro
COL031,Unico encuentro,Valle del Cauca,Buenaventura
COL031,Unico encuentro,Nariño,Tumaco
COL031,Unico encuentro,Chocó,Quibdó
COL031,Unico encuentro,Bolívar,Cartagena
COL031,Unico encuentro,Bolívar,Mahates
COL031,Unico encuentro,Bolívar,San Jacinto
COL032,Unico encuentro,Putumayo,Puerto Asís
COL032,Unico encuentro,Norte de Santander,Hacarí
COL032,Unico encuentro,Norte de Santander,La Esperanza
COL032,Unico encuentro,Norte de Santander,Convención
COL032,Unico encuentro,Norte de Santander,El Tarra
COL032,Unico encuentro,Norte de Santander,El Carmen
COL032,Unico encuentro,Norte de Santander,Teorama
COL032,Unico encuentro,Norte de Santander,Ocaña
COL032,Unico encuentro,Norte de Santander,Abrego
COL032,Unico encuentro,Norte de Santander,Tibú
COL032,Unico encuentro,La Guajira,Riohacha
COL032,Unico encuentro,Cesar,Rio de Oro
COL032,Unico encuentro,Cauca,Popayán
COL032,Unico encuentro,Arauca,Arauquita
COL032,Unico encuentro,Arauca,Tame
COL032,Unico encuentro,Arauca,Fortul
COL032,Unico encuentro,Arauca,Saravena
COL033,Apertura,Norte de Santander,Cúcuta
COL033,Apertura,Nariño,Tumaco
COL033,Apertura,Córdoba,Montería
COL033,Apertura,Chocó,
COL033,Apertura,Cesar,Valledupar
COL033,Apertura,Arauca,Arauca
COL033,Apertura,Antioquia,Medellín
COL033,Seguimiento,Norte de Santander,Cúcuta
COL033,Seguimiento,Nariño,Tumaco
COL033,Seguimiento,Córdoba,Montería
COL033,Seguimiento,Chocó,
COL033,Seguimiento,Cesar,Valledupar
COL033,Seguimiento,Arauca,Arauca
COL033,Seguimiento,Antioquia,Medellín
COL033,Seguimiento,Norte de Santander,Cúcuta
COL033,Seguimiento,Nariño,Tumaco
COL033,Seguimiento,Córdoba,Montería
COL033,Seguimiento,Chocó,
COL033,Seguimiento,Cesar,Valledupar
COL033,Seguimiento,Arauca,Arauca
COL033,Seguimiento,Antioquia,Medellín
COL033,Cierre,Tolima,Planadas
COL033,Cierre,Cauca,Caldono
COL033,Cierre,Antioquia,Dabeiba
COL034,Apertura,Valle del Cauca,Cartago
COL034,Apertura,La Guajira,Riohacha
COL034,Apertura,Huila,Campoalegre
COL034,Apertura,Cauca,Santander de Quilichao
COL034,Apertura,Atlántico,Barranquilla
COL034,Seguimiento,Valle del Cauca,Cartago
COL034,Seguimiento,La Guajira,
COL034,Seguimiento,Huila,Campoalegre
COL034,Seguimiento,Cauca,Santander de Quilichao
COL034,Seguimiento,Atlántico,Barranquilla
COL034,Seguimiento,Valle del Cauca,Cartago
COL034,Seguimiento,La Guajira,
COL034,Seguimiento,Huila,CampoAlegre
COL034,Seguimiento,Cauca,Santander de Quilichao
COL034,Seguimiento,Atlántico,Barranquilla
COL034,Seguimiento,Valle del Cauca,Cartago
COL034,Seguimiento,La Guajira,
COL034,Seguimiento,Huila,Campoalegre
COL034,Seguimiento,Cauca,Santander de Quilichao
COL034,Seguimiento,Atlántico,Barranquilla
COL034,Cierre,Valle del Cauca,Cartago
COL034,Cierre,La Guajira,
COL034,Cierre,Huila,Campoalegre
COL034,Cierre,Cauca,Santander de Quilichao
COL034,Cierre,Atlántico,Barranquilla
COL035,Apertura,Valle del Cauca,Jamundi
COL035,Apertura,Valle del Cauca,Cali
COL035,Apertura,Córdoba,Montería
COL035,Apertura,Córdoba,Tierralta
COL035,Apertura,Chocó,Istmina
COL035,Apertura,Chocó,Quibdó
COL035,Apertura,Cesar,Becerril
COL035,Apertura,Cauca,Mercaderes
COL035,Apertura,Cauca,Patia
COL035,Apertura,Cauca,Puerto Tejada
COL035,Apertura,Cauca,Timbiqui
COL035,Seguimiento/Cierre,Valle del Cauca,Cali
COL035,Seguimiento/Cierre,Chocó,Istmina
COL035,Seguimiento/Cierre,Chocó,Quibdó
COL035,Seguimiento/Cierre,Cesar,Becerril
COL035,Seguimiento/Cierre,Cauca,Mercaderes
COL035,Seguimiento/Cierre,Cauca,Patia
COL036,Apertura,Valle del Cauca,Cali
COL036,Apertura,Tolima,Ibagué
COL036,Apertura,Santander,Bucaramanga
COL036,Apertura,Risaralda,Pereira
COL036,Apertura,Quindío,Armenia
COL036,Apertura,Nariño,Pasto
COL036,Apertura,Meta,Villavicencio
COL036,Apertura,Guaviare,San José del Guaviare
COL036,Apertura,Córdoba,Montería
COL036,Apertura,Chocó,Quibdó
COL036,Apertura,Cauca,Popayán
COL036,Apertura,Boyacá,Tunja
COL036,Apertura,Bolívar,Cartagena
COL036,Apertura,Bogotá D.C.,Bogotá D.C.
COL036,Apertura,Atlántico,Barranquilla
COL036,Apertura,Antioquia,Medellín
COL036,Seguimiento/Cierre,Valle del Cauca,Cali
COL036,Seguimiento/Cierre,Tolima,Ibagué
COL036,Seguimiento/Cierre,Santander,Bucaramanga
COL036,Seguimiento/Cierre,Risaralda,Pereira
COL036,Seguimiento/Cierre,Quindío,Armenia
COL036,Seguimiento/Cierre,Nariño,Pasto
COL036,Seguimiento/Cierre,Meta,Villavicencio
COL036,Seguimiento/Cierre,Guaviare,San José del Guaviare
COL036,Seguimiento/Cierre,Córdoba,Montería
COL036,Seguimiento/Cierre,Chocó,Quibdó
COL036,Seguimiento/Cierre,Cauca,Popayán
COL036,Seguimiento/Cierre,Boyacá,Tunja
COL036,Seguimiento/Cierre,Bolívar,Cartagena
COL036,Seguimiento/Cierre,Bogotá D.C.,Bogotá D.C.
COL036,Seguimiento/Cierre,Atlántico,Barranquilla
COL036,Seguimiento/Cierre,Antioquia,Medellín
COL037,Apertura,Tolima,Planadas
COL037,Apertura,Cauca,Caldono
COL037,Apertura,Antioquia,Dabeiba
COL037,Seguimiento/Cierre,Tolima,Planadas
COL037,Seguimiento/Cierre,Cauca,Caldono
COL037,Seguimiento/Cierre,Antioquia,Dabeiba
COL038,Apertura,Nariño,La Llanada
COL038,Apertura,Nariño,Consaca
COL038,Apertura,Nariño,Cumbal
COL038,Apertura,Nariño,Guachucal
COL038,Apertura,Nariño,Sandoná
COL038,Apertura,Nariño,Sandoná
COL038,Apertura,Cundinamarca,Socha
COL038,Apertura,Boyacá,Socotá
COL038,Apertura,Boyacá,Tasco
COL038,Apertura,Boyacá,Mongui
COL038,Apertura,Boyacá,Gameza
COL038,Seguimiento/Cierre,Nariño,La Llanada
COL038,Seguimiento/Cierre,Nariño,Consaca
COL038,Seguimiento/Cierre,Nariño,Cumbal
COL038,Seguimiento/Cierre,Nariño,Guachucal
COL038,Seguimiento/Cierre,Nariño,Sandoná
COL038,Seguimiento/Cierre,Nariño,Sandoná
COL038,Seguimiento/Cierre,Cundinamarca,Socha
COL038,Seguimiento/Cierre,Boyacá,Socotá
COL038,Seguimiento/Cierre,Boyacá,Tasco
COL038,Seguimiento/Cierre,Boyacá,Mongui
COL038,Seguimiento/Cierre,Boyacá,Gameza
COL039,Apertura,Chocó,Istmina
COL039,Apertura,Chocó,Bahía Solano
COL039,Apertura,Chocó,Nuquí
COL039,Apertura,Chocó,Atrato
COL039,Apertura,Chocó,Tadó
COL039,Apertura,Chocó,Capurganá
COL039,Apertura,Chocó,Acandí
COL039,Apertura,Chocó,Medio Baudó
COL039,Apertura,Chocó,Nóvita Rio Quito
COL039,Apertura,Bolívar,Cartagena
COL039,Seguimiento,Chocó,Bahía Solano
COL039,Seguimiento,Chocó,Nuquí
COL039,Seguimiento,Chocó,Atrato
COL039,Seguimiento,Chocó,Tadó
COL039,Seguimiento,Chocó,Capurganá
COL039,Seguimiento,Chocó,Acandí
COL039,Seguimiento,Chocó,Medio Baudó
COL039,Seguimiento,Chocó,Rio Quito
COL039,Seguimiento,Chocó,
COL039,Seguimiento,Chocó,
COL039,Seguimiento,Bolívar,Cartagena
COL039,Cierre,Chocó,Bahía Solano
COL039,Cierre,Chocó,Nuquí
COL039,Cierre,Chocó,Atrato
COL039,Cierre,Chocó,Tadó
COL039,Cierre,Chocó,Capurganá
COL039,Cierre,Chocó,Acandí
COL039,Cierre,Chocó,Medio Baudó
COL039,Cierre,Chocó,Rio Quito
COL039,Cierre,Chocó,
COL039,Cierre,Chocó,
COL039,Cierre,Bolívar,Cartagena
COL040,Apertura,Nariño,Pasto
COL040,Apertura,La Guajira,Dibulla
COL040,Apertura,Arauca,Saravena
COL040,Seguimiento/Cierre,Nariño,Pasto
COL040,Seguimiento/Cierre,La Guajira,Dibulla
COL040,Seguimiento/Cierre,Cundinamarca,
COL041,Seguimiento,Santander,Barbosa
COL041,Seguimiento,Santander,Velez
COL041,Seguimiento,Huila,Suaza
COL041,Seguimiento,Huila,
COL041,Cierre,Norte de Santander,Velez
COL041,Cierre,Huila,Suaza
COL041,Cierre,Huila,Pitalito
COL041,Cierre,Huila,Rivera
COL041,Cierre,Huila,Neiva
COL041,Apertura,Santander,Velez
COL041,Apertura,Santander,Barbosa
COL041,Apertura,Santander,Bucaramanga
COL041,Apertura,Huila,Rivera
COL041,Apertura,Huila,Suaza
COL041,Apertura,Huila,Neiva
COL041,Apertura,Huila,Isnos
COL041,Apertura,Huila,La Plata
COL041,Apertura,Huila,Pitalito
COL041,Apertura,Boyacá,Moniquirá
COL041,Apertura,Bogotá D.C.,Bogotá D.C.
COL042,Apertura,Nariño,Tumaco
COL042,Apertura,Nariño,Pasto
COL042,Apertura,Huila,Neiva
COL042,Apertura,Córdoba,San Carlos
COL042,Apertura,Antioquia,Medellín
COL042,Apertura,Antioquia,Amalfi
COL042,Seguimiento/Cierre,Nariño,Pasto
COL042,Seguimiento/Cierre,Huila,Neiva
COL042,Seguimiento/Cierre,Antioquia,Medellín
COL042,Seguimiento/Cierre,Antioquia,Amalfi
COL043,Apertura,Vichada,Vichada
COL043,Apertura,Sucre,
COL043,Apertura,Putumayo,
COL043,Apertura,Nariño,
COL043,Apertura,Huila,
COL043,Apertura,Guainía,Guainía
COL043,Apertura,Chocó,
COL043,Apertura,Cesar,Cesar
COL043,Apertura,Cauca,Cauca
COL043,Apertura,Amazonas,
COL043,Seguimiento/Cierre,Vichada,Vichada
COL043,Seguimiento/Cierre,Putumayo,
COL043,Seguimiento/Cierre,Nariño,
COL043,Seguimiento/Cierre,Guainía,
COL043,Seguimiento/Cierre,Cesar,
COL044,Apertura,Chocó,Istmina
COL044,Apertura,Chocó,Quibdó
COL044,Apertura,Chocó,Condoto
COL044,Apertura,Chocó,Istmina
COL044,Apertura,Chocó,Sipí
COL044,Apertura,Chocó,Istmina
COL044,Seguimiento/Cierre,Chocó,Condoto
COL044,Seguimiento/Cierre,Chocó,Istmina
COL044,Seguimiento/Cierre,Chocó,Sipí
COL045,Apertura,Bogotá D.C.,Bogotá D.C.
COL045,Seguimiento/Cierre,Bogotá D.C.,Bogotá D.C.
COL046,Unico encuentro,Norte de Santander,Cúcuta
COL046,Unico encuentro,Norte de Santander,Ocaña
COL046,Unico encuentro,Norte de Santander,Convención
COL046,Unico encuentro,Norte de Santander,El Tarra
COL046,Unico encuentro,Norte de Santander,San Calixto
COL046,Unico encuentro,Norte de Santander,El Carmen
COL046,Unico encuentro,Norte de Santander,Sardinata
COL046,Unico encuentro,Norte de Santander,Ábrego
COL046,Unico encuentro,Norte de Santander,La Playa
COL046,Unico encuentro,Norte de Santander,Teorama
COL046,Unico encuentro,Norte de Santander,Tibú
COL046,Unico encuentro,Norte de Santander,Hacarí
COL046,Unico encuentro,Caquetá,Florencia
COL047,Apertura,Valle del Cauca,Cali
COL047,Apertura,Nariño,Pasto
COL047,Apertura,La Guajira,Riohacha
COL047,Apertura,Chocó,Quibdó
COL047,Seguimiento,Valle del Cauca,Cali
COL047,Seguimiento,Nariño,Pasto
COL047,Seguimiento,La Guajira,Riohacha
COL047,Seguimiento,Chocó,Quibdó
COL048,Apertura,Risaralda,Pereira
COL048,Apertura,Norte de Santander,Tibú
COL048,Apertura,Meta,Guamal
COL048,Apertura,Chocó,Rio Quito
COL048,Apertura,Cauca,Inzá
COL048,Seguimiento/Cierre,Cauca,Inzá
COL048,Seguimiento/Cierre,Cauca,Pereira
COL048,Seguimiento/Cierre,Cauca,Río Quito
COL048,Seguimiento/Cierre,Cauca,Tibú
COL049,Unico encuentro,Nariño,Pasto
COL049,Unico encuentro,La Guajira,Riohacha
COL049,Unico encuentro,Chocó,Quibdó
COL049,Unico encuentro,Cauca,Villa Rica
COL050,Unico encuentro,Tolima,Roncesvalles
COL050,Unico encuentro,Tolima,Rioblanco
COL050,Unico encuentro,Sucre,Morroa
COL050,Unico encuentro,Sucre,San Onofre
COL050,Unico encuentro,Sucre,San Antonio de Palmito
COL050,Unico encuentro,Norte de Santander,Puerto Santander
COL050,Unico encuentro,Norte de Santander,Lourdes
COL050,Unico encuentro,Norte de Santander,La Esperanza
COL050,Unico encuentro,Nariño,Tumaco
COL050,Unico encuentro,Nariño,El Rosario
COL050,Unico encuentro,Meta,Puerto López
COL050,Unico encuentro,Meta,Mapiripán
COL050,Unico encuentro,Meta,Granada
COL050,Unico encuentro,Córdoba,Montelibano
COL050,Unico encuentro,Córdoba,San José de Uré
COL050,Unico encuentro,Cauca,Santander de Quilichao
COL050,Unico encuentro,Cauca,Suárez
COL050,Unico encuentro,Cauca,Guachené
COL050,Unico encuentro,Cauca,Villa Rica
COL050,Unico encuentro,Bolívar,San Juan Nepomuceno
COL050,Unico encuentro,Bolívar,Simití
COL050,Unico encuentro,Antioquia,El Bagre
COL051,Apertura,Antioquia,Caucasia
COL051,Apertura,Antioquia,El Bagre
COL051,Apertura,Antioquia,Anorí
COL051,Seguimiento/Cierre,Antioquia,Nechi
COL051,Seguimiento/Cierre,Antioquia,
COL051,Seguimiento/Cierre,Antioquia,
COL052,Apertura,Norte de Santander,Villa del Rosario
COL052,Apertura,Nariño,Cumbal
COL052,Apertura,La Guajira,Maicao
COL052,Apertura,Atlántico,Soledad
COL052,Apertura,Arauca,Arauquita
COL052,Seguimiento/Cierre,Norte de Santander,Villa del Rosario
COL052,Seguimiento/Cierre,Nariño,Cumbal
COL052,Seguimiento/Cierre,La Guajira,Maicao
COL052,Seguimiento/Cierre,Atlántico,Soledad
COL052,Seguimiento/Cierre,Arauca,Arauquita
COL053,Apertura,Norte de Santander,Sardinata
COL053,Apertura,Caquetá,Belén de los Andaquíes
COL053,Apertura,Norte de Santander,El Tarra
COL053,Apertura,Caquetá,San Vicente del Caguán
COL053,Apertura,Caquetá,Curillo
COL053,Apertura,Caquetá,Albania
COL053,Seguimiento/Cierre,Norte de Santander,El Tarra
COL053,Seguimiento/Cierre,Norte de Santander,Sardinata
COL053,Seguimiento/Cierre,Norte de Santander,Cúcuta
COL053,Seguimiento/Cierre,Meta,Mesetas
COL053,Seguimiento/Cierre,Caquetá,Albania
COL053,Seguimiento/Cierre,Caquetá,Belén de los Andaquíes
COL053,Seguimiento/Cierre,Caquetá,Curillo
COL053,Seguimiento/Cierre,Caquetá,San José del Fragua
COL053,Seguimiento/Cierre,Caquetá,San Vicente del Caguán
COL054,Unico encuentro,Nariño,Tumaco
COL054,Unico encuentro,La Guajira,Riohacha
COL054,Unico encuentro,Chocó,Quibdó
COL054,Unico encuentro,Cauca,Popayán
COL055,Unico encuentro,La Guajira,Riohacha
COL055,Unico encuentro,Chocó,Quibdó
COL055,Unico encuentro,Chocó,Quibdó
COL055,Unico encuentro,Cauca,Popayán
COL056,Apertura,Tolima,Guamo
COL056,Apertura,La Guajira,Riohacha
COL056,Apertura,Córdoba,Tuchín
COL056,Apertura,Caldas,Aguadas
COL056,Apertura,Bolívar,San Jacinto
COL056,Apertura,Antioquia,El Carmen de Vivoral
COL056,Seguimiento/Cierre,Tolima,La Chamba
COL056,Seguimiento/Cierre,Putumayo,Sibundoy
COL056,Seguimiento/Cierre,La Guajira,Riohacha
COL056,Seguimiento/Cierre,Córdoba,Tuchín
COL056,Seguimiento/Cierre,Caldas,Aguadas
COL056,Seguimiento/Cierre,Boyacá,Duitama
COL056,Seguimiento/Cierre,Bolívar,San Jacinto
COL056,Seguimiento/Cierre,Bogotá D.C.,Bogotá D.C.
COL056,Seguimiento/Cierre,Antioquia,El Carmen de Viboral
COL057,Apertura,Norte de Santander,Tibú
COL057,Apertura,Norte de Santander,Hacarí
COL057,Apertura,Norte de Santander,Convención
COL057,Apertura,Meta,Puerto Concordia
COL057,Apertura,Meta,Mesetas
COL057,Apertura,Meta,Mapiripán
COL057,Apertura,Caquetá,Morelia
COL057,Apertura,Caquetá,Solita
COL057,Apertura,Caquetá,Valparaiso
COL057,Apertura,Caquetá,San josé del fragua
COL057,Seguimiento/Cierre,Norte de Santander,Tibú
COL057,Seguimiento/Cierre,Norte de Santander,Teorama
COL057,Seguimiento/Cierre,Norte de Santander,Sardinata
COL057,Seguimiento/Cierre,Norte de Santander,El Tarra
COL057,Seguimiento/Cierre,Norte de Santander,Convención
COL057,Seguimiento/Cierre,Norte de Santander,San Calixto
COL057,Seguimiento/Cierre,Norte de Santander,El Carmen
COL057,Seguimiento/Cierre,Norte de Santander,Hacarí
COL057,Seguimiento/Cierre,Meta,Mapiripán
COL057,Seguimiento/Cierre,Meta,Puerto Rico
COL057,Seguimiento/Cierre,Meta,Puerto Concordia
COL057,Seguimiento/Cierre,Meta,Mesetas
COL057,Seguimiento/Cierre,Meta,Vista Hermosa
COL057,Seguimiento/Cierre,Caquetá,Morelia
COL057,Seguimiento/Cierre,Caquetá,San José del Fragua
COL057,Seguimiento/Cierre,Caquetá,Valparaiso
COL057,Seguimiento/Cierre,Caquetá,Solita
COL057,Seguimiento/Cierre,Caquetá,Albania
COL057,Seguimiento/Cierre,Caquetá,Curillo
COL057,Seguimiento/Cierre,Caquetá,Belén de los Andaquíes
COL058,Apertura,Santander,Bucaramanga
COL058,Apertura,Santander,Piedecuesta
COL058,Apertura,Santander,Floridablanca
COL058,Apertura,Atlántico,Barranquilla
COL058,Apertura,Antioquia,Medellín
COL058,Seguimiento/Cierre,Santander,Bucaramanga
COL058,Seguimiento/Cierre,Atlántico,Barranquilla
COL058,Seguimiento/Cierre,Antioquia,Medellín
COL059,Unico encuentro,Nariño,Pasto
COL059,Unico encuentro,La Guajira,Riohacha
COL059,Unico encuentro,Chocó,Quibdó
COL059,Unico encuentro,Cauca,Popayán
COL060,Unico encuentro,Nariño,Pasto
COL060,Unico encuentro,Chocó,Quibdó
COL060,Unico encuentro,Cauca,Popayán
COL061,Apertura,Putumayo,Valle del Guamuez
COL061,Apertura,Putumayo,Mocoa
COL061,Apertura,Putumayo,Orito
COL061,Apertura,Putumayo,San Miguel
COL061,Apertura,Nariño,Ipilaes
COL061,Apertura,Huila,Altamira
COL061,Apertura,Cauca,Piamonte
COL061,Seguimiento,Putumayo,Valle del Guamuez
COL061,Seguimiento,Putumayo,Mocoa
COL061,Seguimiento,Putumayo,Orito
COL061,Seguimiento,Putumayo,San Miguel
COL061,Seguimiento,Nariño,Ipilaes
COL061,Seguimiento,Huila,Altamira
COL061,Seguimiento,Cauca,Piamonte
COL061,Cierre,Putumayo,Valle del Guamuez
COL061,Cierre,Putumayo,Mocoa
COL061,Cierre,Putumayo,Orito
COL061,Cierre,Putumayo,San Miguel
COL061,Cierre,Putumayo,Puerto Asís
COL062,Apertura,Caquetá,San José del Fragua
COL062,Apertura,Caquetá,Morelia
COL062,Apertura,Caquetá,Valparaiso
COL062,Apertura,Caquetá,Solita
COL062,Apertura,Caquetá,Florencia
COL062,Apertura,Caquetá,Belén de los Andaquíes
COL062,Apertura,Caquetá,Curillo
COL062,Apertura,Norte de Santander,Hacarí
COL062,Apertura,Norte de Santander,Cúcuta
COL062,Apertura,Norte de Santander,Ábrego
COL062,Apertura,Norte de Santander,Teorama
COL062,Apertura,Norte de Santander,Ocaña
COL062,Apertura,Norte de Santander,Tibú
COL062,Apertura,Meta,Puerto Rico
COL062,Apertura,Meta,Puerto Concordia
COL062,Apertura,Meta,Mesetas
COL062,Apertura,Meta,Mapiripan
COL062,Apertura,Meta,Villavicencio
COL062,Seguimiento,Caquetá,San José del Fragua
COL062,Seguimiento,Caquetá,Morelia
COL062,Seguimiento,Caquetá,Valparaiso
COL062,Seguimiento,Caquetá,Solita
COL062,Seguimiento,Caquetá,Florencia
COL062,Seguimiento,Caquetá,Belén de los Andaquíes
COL062,Seguimiento,Caquetá,Curillo
COL062,Seguimiento,Norte de Santander,Hacarí
COL062,Seguimiento,Norte de Santander,Cúcuta
COL062,Seguimiento,Norte de Santander,Ábrego
COL062,Seguimiento,Norte de Santander,Teorama
COL062,Seguimiento,Norte de Santander,Ocaña
COL062,Seguimiento,Norte de Santander,Tibú
COL062,Seguimiento,Meta,Puerto Rico
COL062,Seguimiento,Meta,Puerto Concordia
COL062,Seguimiento,Meta,Mesetas
COL062,Seguimiento,Meta,Mapiripan
COL062,Seguimiento,Meta,Villavicencio
COL062,Cierre,Caquetá,San José del Fragua
COL062,Cierre,Caquetá,Morelia
COL062,Cierre,Caquetá,Valparaiso
COL062,Cierre,Caquetá,Solita
COL062,Cierre,Caquetá,Florencia
COL062,Cierre,Caquetá,Belén de los Andaquíes
COL062,Cierre,Caquetá,Curillo
COL062,Cierre,Norte de Santander,Hacarí
COL062,Cierre,Norte de Santander,Cúcuta
COL062,Cierre,Norte de Santander,Ábrego
COL062,Cierre,Norte de Santander,Teorama
COL062,Cierre,Norte de Santander,Ocaña
COL062,Cierre,Norte de Santander,Tibú
COL062,Cierre,Meta,Puerto Rico
COL062,Cierre,Meta,Puerto Concordia
COL062,Cierre,Meta,Mesetas
COL062,Cierre,Meta,Mapiripan
COL062,Cierre,Meta,Villavicencio
COL063,Apertura,Norte de Santander,Tibú
COL063,Apertura,Norte de Santander,La Gabarra
COL063,Apertura,Meta,Mesetas
COL063,Apertura,Caquetá,Solano
COL063,Apertura,Caquetá,Milán
COL063,Apertura,Caquetá,Ríos Alto
COL063,Apertura,Bogotá D.C.,Bogotá D.C.
COL063,Seguimiento/Cierre,Norte de Santander,Tibú
COL063,Seguimiento/Cierre,Norte de Santander,La Gabarra
COL063,Seguimiento/Cierre,Meta,Mesetas
COL063,Seguimiento/Cierre,Caquetá,Solano
COL063,Seguimiento/Cierre,Caquetá,Milán
COL063,Seguimiento/Cierre,Caquetá,Ríos Alto
COL063,Seguimiento/Cierre,Bogotá D.C.,Bogotá D.C.
COL064,Apertura,Chocó,Quibdó
COL064,Apertura,La Guajira,Riohacha
COL064,Apertura,Nariño,Pasto
COL064,Apertura,Valle del Cauca,Cali
COL064,Apertura,Cauca,Popayán
COL064,Seguimiento/Cierre,Chocó,Quibdó
COL064,Seguimiento/Cierre,La Guajira,Riohacha
COL064,Seguimiento/Cierre,Nariño,Pasto
COL064,Seguimiento/Cierre,Valle del Cauca,Cali
COL064,Seguimiento/Cierre,Cauca,Popayán
COL065,Apertura,Antioquia,La Ceja
COL065,Apertura,Antioquia,Marinilla
COL065,Apertura,Antioquia,El Santuario
COL065,Apertura,Antioquia,Medellín
COL065,Apertura,Quindío,Armenia
COL065,Apertura,Atlántico,Barranquilla
COL065,Apertura,Bogotá D.C.,Bogotá D.C.
COL065,Apertura,Valle del Cauca,Bolívar
COL065,Apertura,Valle del Cauca,Cali
COL065,Apertura,Santander,Bucaramanga
COL065,Apertura,Bolívar,Cartagena
COL065,Apertura,Norte de Santander,Cúcuta
COL065,Apertura,Antioquia,Envigado
COL065,Apertura,Antioquia,Girardota
COL065,Apertura,Antioquia,La Estrella
COL065,Apertura,Santander,Málaga
COL065,Apertura,Valle del Cauca,Palmira
COL065,Apertura,La Guajira,Riohacha
COL065,Apertura,Antioquia,Sabaneta
COL065,Apertura,San Andrés y Providencia,San Andrés Isla
COL065,Apertura,Cesar,Valledupar
COL065,Apertura,Putumayo,Villa Garzón
COL065,Seguimiento,Bogotá D.C.,Bogotá D.C.
COL065,Seguimiento,Bolívar,Cartagena
COL065,Seguimiento,Valle del Cauca,Palmira
COL065,Seguimiento,Santander,Bucaramanga
COL065,Seguimiento,Antioquia,Medellín
COL065,Seguimiento,Antioquia,El Santuario
COL065,Seguimiento,Valle del Cauca,Cali
COL065,Seguimiento,Antioquia,Envigado
COL065,Seguimiento,San Andrés y Providencia,San Andrés
COL065,Seguimiento,Cundinamarca,Cajicá
COL065,Seguimiento,Antioquia,Sabaneta
COL065,Seguimiento,Antioquia,Guarne
COL065,Cierre,Bogotá D.C.,Bogotá D.C.
COL065,Cierre,Bolívar,Cartagena
COL065,Cierre,Valle del Cauca,Palmira
COL065,Cierre,Santander,Bucaramanga
COL065,Cierre,Antioquia,Medellín
COL065,Cierre,Antioquia,El Santuario
COL065,Cierre,Valle del Cauca,Cali
COL065,Cierre,Antioquia,Envigado
COL065,Cierre,San Andrés y Providencia,San Andrés
COL065,Cierre,Cundinamarca,Cajicá
COL065,Cierre,Antioquia,Sabaneta
COL065,Cierre,Antioquia,Guarne
COL066,Apertura,Norte de Santander,Cúcuta
COL066,Apertura,Putumayo,Valle del Guamuez
COL066,Apertura,Bogotá D.C.,Bogotá D.C.
COL066,Apertura,Antioquia,San Pedro de los Milagros
COL066,Apertura,Amazonas,Leticia
COL066,Apertura,Amazonas,Puerto Nariño
COL066,Apertura,Norte de Santander,Ocaña
COL066,Apertura,Nariño,Barbacoas
COL066,Apertura,Norte de Santander,Tibú
COL066,Apertura,Norte de Santander,El Tarra
COL066,Apertura,Nariño,Pasto
COL066,Apertura,Meta,Villavicencio
COL066,Apertura,Nariño,Ancuya
COL066,Apertura,Atlántico,Barranquilla
COL066,Apertura,Valle del Cauca,Cali
COL066,Apertura,Chocó,Rio Quito
COL066,Apertura,Santander,
COL066,Apertura,Guaviare,
COL066,Apertura,Cauca,Pueblo Nuevo
COL066,Apertura,Cauca,Popayán
COL066,Apertura,Córdoba,San Anterio
COL066,Seguimiento/Cierre,Bogotá D.C.,Bogotá D.C.
COL066,Seguimiento/Cierre,Norte de Santander,Tibú
COL066,Seguimiento/Cierre,Cundinamarca,Soacha
COL066,Seguimiento/Cierre,Cauca,Popayán
COL066,Seguimiento/Cierre,Nariño,Pasto
COL066,Seguimiento/Cierre,Boyacá,Tunja
COL066,Seguimiento/Cierre,Córdoba,San Antero
COL066,Seguimiento/Cierre,Nariño,Ancuya
COL066,Seguimiento/Cierre,Tolima,Ibagué
COL066,Seguimiento/Cierre,Chocó,Quibdó
COL067,Apertura,Valle del Cauca,Cali
COL067,Apertura,Risaralda,Pereira
COL067,Apertura,Bolívar,Cartagena
COL067,Apertura,Bogotá D.C.,Bogotá D.C.
COL067,Apertura,Boyacá,Tunja
COL067,Seguimiento/Cierre,Bogotá D.C.,Bogotá D.C.
COL067,Seguimiento/Cierre,Valle del Cauca,Cali
COL067,Seguimiento/Cierre,Risaralda,Pereira
COL068,Apertura,Amazonas,Leticia
COL068,Apertura,La Guajira,Paraguachon
COL068,Apertura,Amazonas,Puerto Nariño
COL068,Apertura,Norte de Santander,Villa del Rosario
COL068,Seguimiento,Amazonas,Leticia
COL068,Seguimiento,La Guajira,Paraguachon
COL068,Seguimiento,Amazonas,Puerto Nariño
COL068,Seguimiento,Norte de Santander,Villa del Rosario
COL068,Cierre,Amazonas,Leticia
COL068,Cierre,La Guajira,Paraguachon
COL068,Cierre,Amazonas,Puerto Nariño
COL068,Cierre,Norte de Santander,Villa del Rosario
COL069,Unico encuentro,Amazonas,Leticia
COL069,Unico encuentro,Antioquia,Medellín
COL069,Unico encuentro,Atlántico,Barranquilla
COL069,Unico encuentro,Bolívar,Cartagena
COL069,Unico encuentro,Boyacá,Tunja
COL069,Unico encuentro,Caldas,Manizales
COL069,Unico encuentro,Caquetá,Florencia
COL069,Unico encuentro,Cesar,Valledupar
COL069,Unico encuentro,Chocó,Quibdó
COL069,Unico encuentro,Cundinamarca,Cundinamarca
COL069,Unico encuentro,Guaviare,San José de Guaviare
COL069,Unico encuentro,Huila,Neiva
COL069,Unico encuentro,Magdalena,Santa Martha
COL069,Unico encuentro,Meta,Villavicencio
COL069,Unico encuentro,Nariño,Pasto
COL069,Unico encuentro,Norte de Santander,Cúcuta
COL069,Unico encuentro,Quindío,Armenia
COL069,Unico encuentro,Risaralda,Pereira
COL069,Unico encuentro,Santander,Bucaramanga
COL069,Unico encuentro,Sucre,Sincelejo
COL069,Unico encuentro,Tolima,Ibagué
COL069,Unico encuentro,Valle del Cauca,Cali
COL069,Unico encuentro,Vichada,Puerto Carreño
COL070,Apertura,Norte de Santander,Sardinata
COL070,Apertura,Norte de Santander,San Calixto
COL070,Apertura,Bolívar,Santa Rosa
COL070,Apertura,Norte de Santander,Tibú
COL070,Apertura,Norte de Santander,Convención
COL070,Apertura,Putumayo,Orito
COL070,Apertura,Putumayo,Valle del Guamuez
COL070,Apertura,Antioquia,Valdivia
COL070,Apertura,Norte de Santander,Cúcuta
COL070,Apertura,Bogotá D.C.,Bogotá D.C.
COL070,Apertura,Santander,San Vicente
COL070,Apertura,Nariño,Tumaco
COL070,Apertura,Santander,Teorama
COL071,Apertura,Meta,San Martín
COL071,Apertura,Norte de Santander,Zulia
COL071,Apertura,Norte de Santander,Villa del Rosario
COL071,Apertura,Norte de Santander,Tibú
COL071,Seguimiento,Meta,San Martín
COL071,Seguimiento,Norte de Santander,Zulia
COL071,Seguimiento,Norte de Santander,Villa del Rosario
COL071,Seguimiento,Norte de Santander,Tibú
COL071,Seguimiento,Meta,San Martín
COL071,Seguimiento,Norte de Santander,Zulia
COL071,Seguimiento,Norte de Santander,Villa del Rosario
COL071,Seguimiento,Norte de Santander,Tibú
COL072,Apertura,Antioquia,Ituango
COL072,Apertura,Antioquia,Briceño
COL072,Apertura,Magdalena,Santa Marta
COL072,Apertura,Norte de Santander,San Calixto
COL072,Apertura,Norte de Santander,Teorama
COL072,Apertura,Norte de Santander,Convención
COL072,Apertura,Norte de Santander,Argelia
COL072,Apertura,Nariño,Ricaurte
COL072,Apertura,Nariño,Samaniego
COL073,Apertura,Norte de Santander,Ocaña
COL073,Apertura,Norte de Santander,Teorama
COL073,Apertura,Norte de Santander,Tibú
COL073,Apertura,Valle del Cauca,Cali
COL073,Apertura,Valle del Cauca,Jamundí
COL073,Apertura,Caquetá,San José del Fragua
COL073,Apertura,Caquetá,Belén de los Andaquíes
COL073,Apertura,Caquetá,Solita
COL073,Apertura,Meta,Mesetas
COL074,Apertura,Atlántico,Barranquilla
COL074,Apertura,Norte de Santander,Cúcuta
COL074,Apertura,Santander,Bucaramanga
COL074,Apertura,Valle del Cauca,Cali
COL074,Apertura,Bolívar,Cartagena
