CODIGO,ETAPA,ENTIDAD SOCIA NACIONAL,OTRAS ENTIDADES SOCIAS
COL001,Unico encuentro,Ministerio del Interior,Alta Consejería para el Posconflicto
COL002,Unico encuentro,Consejería para el Posconflicto,Ministerio de Justicia y del Derecho Ministerio de Agricultura y Desarrollo Rural.
COL003,Unico encuentro,APC Colombia,
COL004,Unico encuentro,Agencia para la Reincorporación y Normalización - ARN,
COL005,Unico encuentro,No registra,
COL006,Unico encuentro,Sistema Regional de Áreas Protegidas (SIRAP) del Caribe,
COL007,Apertura,Ministerio de Agricultura y Desarrollo Rural - MADR,
COL007,Seguimiento/Cierre,Agencia Colombiana para la Reintegración (ACR),
COL008,Unico encuentro,Agencia Nacional de Progamas Regionales de Desarrollo y Paz (Redprodepaz),
COL009,Unico encuentro,Departamento Administrativo para la Prosperidad Social,
COL010,Unico encuentro,Red de Agencias de Desarrollo Local – RED ADELCO,
COL011,Unico encuentro,Agencia Nacional de Progamas Regionales de Desarrollo y Paz (Redprodepaz),
COL012,Unico encuentro,Misión de Observación Electoral - MOE,
COL013,Apertura,Ministerio del trabajo,
COL013,Seguimiento/Cierre,Ministerio del trabajo,
COL014,Unico encuentro,Agencia Colombiana para la Reintegración (ACR),
COL015,Unico encuentro,Ministerio de Agricultura y Desarrollo Rural - MADR,
COL016,Unico encuentro,Agencia Colombiana para la Reintegración (ACR),
COL017,Unico encuentro,"Ministerio de Comercio, Industria y Turismo",
COL018,Unico encuentro,Ministerio de Justicia y del Derecho,
COL019,Unico encuentro,Ministerio del Interior,
COL020,Unico encuentro,Departamento Nacional de Planeación,
COL021,Unico encuentro,Agencia de Renovación del Territorio - ART,
COL022,Unico encuentro,Agencia de Renovación del Territorio - ART,
COL023,Unico encuentro,"Ministerio de Comercio, Industria y Turismo",
COL024,Unico encuentro,Artesanias de Colombia,
COL025,Unico encuentro,Agencia de Renovación del Territorio - ART,
COL026,Unico encuentro,Departamento Administrativo para la Prosperidad Social,
COL027,Unico encuentro,Agencia Nacional para la Reintegración y la Normalización - ARN,
COL028,Apertura,Agencia de Desarrollo Rural - ADR,
COL028,Seguimiento/Cierre,Agencia de Desarrollo Rural - ADR,
COL029,Apertura,Departamento Administrativo para la Prosperidad Social,
COL029,Seguimiento/Cierre,Departamento Administrativo para la Prosperidad Social,
COL030,Apertura,Ministerio de Agricultura y Desarrollo Rural - MADR,
COL030,Seguimiento/Cierre,Ministerio de Agricultura y Desarrollo Rural - MADR,
COL031,Unico encuentro,Ministerio de Educación Nacional,
COL032,Unico encuentro,Ministerio de Transporte,
COL033,Apertura,Instituto Colombiano de Bienestar Familiar - ICBF,
COL033,Seguimiento,Instituto Colombiano de Bienestar Familiar - ICBF,
COL033,Seguimiento,Instituto Colombiano de Bienestar Familiar - ICBF,
COL033,Cierre,Instituto Colombiano de Bienestar Familiar - ICBF,
COL034,Apertura,Instituto Colombiano de Bienestar Familiar - ICBF,
COL034,Seguimiento,Instituto Colombiano de Bienestar Familiar - ICBF,
COL034,Seguimiento,Instituto Colombiano de Bienestar Familiar - ICBF,
COL034,Seguimiento,Instituto Colombiano de Bienestar Familiar - ICBF,
COL034,Cierre,Instituto Colombiano de Bienestar Familiar - ICBF,
COL035,Apertura,Ministerio del Interior,
COL035,Seguimiento/Cierre,Ministerio del Interior,
COL036,Apertura,APC Colombia,
COL036,Seguimiento/Cierre,APC Colombia,
COL037,Apertura,Agencia de Renovación del Territorio - ART,Federación Nacional de Cafeteros - FNC
COL037,Seguimiento/Cierre,Agencia de Renovación del Territorio - ART,Federación Nacional de Cafeteros - FNC
COL038,Apertura,Ministerio de Ambiente y Desarrollo Sostenible,
COL038,Seguimiento/Cierre,Ministerio de Ambiente y Desarrollo Sostenible,
COL039,Apertura,Ministerio de Vivienda,Aguas de Pereira
COL039,Seguimiento,Ministerio de Vivienda,Aguas de Pereira
COL039,Cierre,Ministerio de Vivienda,Aguas de Pereira
COL040,Apertura,Instituto Colombiano de Bienestar Familiar - ICBF,
COL040,Seguimiento/Cierre,Instituto Colombiano de Bienestar Familiar - ICBF,
COL041,Apertura,Artesanias de Colombia,Ministerio de Agricultura
COL041,Seguimiento,Artesanias de Colombia,Ministerio de Agricultura
COL041,Cierre,Ministerio de Agricultura y Desarrollo Rural - MADR,Artesanías de Colombia
COL042,Apertura,Centro Nacional de Memoria Histórica - CNMH,
COL042,Seguimiento/Cierre,Centro Nacional de Memoria Histórica - CNMH,
COL043,Apertura,Unidad Administrativa Especial de Alimentación Escolar UApA (entidad adscrita al Ministerio de Educación),Ministerio de Educación Nacional
COL043,Seguimiento/Cierre,Unidad Administrativa Especial de Alimentación Escolar UApA (entidad adscrita al Ministerio de Educación),Ministerio de Educación Nacional
COL044,Apertura,Agencia de Renovación del Territorio - ART,
COL044,Seguimiento/Cierre,Agencia de Renovación del Territorio - ART,
COL045,Apertura,Consejería Presidenicla para la Competitividad y la Gestión Público - Privada,
COL045,Seguimiento/Cierre,Consejería Presidenicla para la Competitividad y la Gestión Público - Privada,
COL046,Unico encuentro,APC Colombia,
COL047,Apertura,Corporación Sisma Mujer,
COL047,Seguimiento/Cierre,Corporación Sisma Mujer,
COL048,Apertura,Instituto Colombiano de Bienestar Familiar - ICBF,
COL048,Seguimiento/Cierre,Instituto Colombiano de Bienestar Familiar - ICBF,
COL049,Unico encuentro,Corporación Sisma Mujer,
COL050,Unico encuentro,Superintendencia de Notariado y Registro,"Ministerio de Vivienda, Ciudad y Territorio"
COL051,Apertura,Agencia de Renovación del Territorio - ART,
COL051,Seguimiento/Cierre,Agencia de Renovación del Territorio - ART,
COL052,Apertura,Instituto Colombiano de Bienestar Familiar - ICBF,Secretaría Distrital de Integración Social
COL052,Seguimiento/Cierre,Instituto Colombiano de Bienestar Familiar - ICBF,Secretaría Distrital de Integración Social
COL053,Apertura,Unidad para la Atención y Reparación Integral a las Víctimas,
COL053,Seguimiento/Cierre,Unidad para la Atención y Reparación Integral a las Víctimas,Alta Consejería para el Posconflicto
COL054,Unico encuentro,Corporación Sisma Mujer,
COL055,Unico encuentro,Corporación Sisma Mujer,
COL056,Apertura,Viceministerio de Turismo,Superintendencia de turismo
COL056,Seguimiento/Cierre,Viceministerio de Turismo,Superintendencia de turismo
COL057,Apertura,Departamento Administrativo de la Función Pública,
COL057,Seguimiento/Cierre,Departamento Administrativo de la Función Pública,
COL058,Apertura,Unidad Nacional para la Gestión del Riesgo de Desastres - UNGRD,
COL058,Seguimiento/Cierre,Unidad Nacional para la Gestión del Riesgo de Desastres - UNGRD,
COL059,Unico encuentro,Corporación Sisma Mujer,
COL060,Unico encuentro,Corporación Sisma Mujer,
COL061,Apertura,Cealdes,CorpoAmazonía
COL061,Seguimiento,Cealdes,CorpoAmazonía
COL061,Cierre,Cealdes,CorpoAmazonía
COL062,Apertura,Función Pública,
COL062,Seguimiento,Función Pública,
COL062,Cierre,Función Pública,
COL063,Apertura,Unidad para la Atención y Reparación Integral a las Víctimas,
COL063,Seguimiento/Cierre,Unidad para la Atención y Reparación Integral a las Víctimas,
COL064,Apertura,Corporación Sisma Mujer,
COL064,Seguimiento/Cierre,Corporación Sisma Mujer,
COL065,Apertura,Ministerio de Ambiente y Desarrollo Sostenible,"Comisión de regulación de agua potable y saneamiento básico Ministerio de Vivienda,ciudad y territorio SENA - Centro de gestión industrial. Laboratorio de Economía Circular Instituto Colombia Agropecuario - ICA"
COL065,Seguimiento,Ministerio de Ambiente y Desarrollo Sostenible,
COL065,Cierre,Ministerio de Ambiente y Desarrollo Sostenible,
COL066,Apertura,Instituto Colombiano de Bienestar Familiar - ICBF,
COL066,Seguimiento/Cierre,Instituto Colombiano de Bienestar Familiar - ICBF,
COL067,Apertura,Ministerio de la Igualdad y Equidad,
COL067,Seguimiento/Cierre,Ministerio de la Igualdad y Equidad,
COL068,Apertura,Instituto Colombiano de Bienestar Familiar - ICBF,Ejército Nacional
COL068,Seguimiento,Instituto Colombiano de Bienestar Familiar - ICBF,Ejército Nacional
COL068,Cierre,Instituto Colombiano de Bienestar Familiar - ICBF,Ejército Nacional
COL069,Unico encuentro,APC Colombia,
COL070,Apertura,Dirección de Sustitución de Cultivos de Uso Ilícito,Policia Nacional
COL071,Apertura,Centro Nacional de Memoria Histórica,Gobernación de Caqueta Gobernación de Norte de Santander Gobernación del Meta
COL071,Seguimiento,Centro Nacional de Memoria Histórica,Gobernación de Caqueta Gobernación de Norte de Santander Gobernación del Meta
COL071,Seguimiento,Centro Nacional de Memoria Histórica,Gobernación de Caqueta Gobernación de Norte de Santander Gobernación del Meta
COL072,Apertura,Dirección de Sustitución de Cultivos de Uso Ilícito,Mecanismos de acceso /Ventanilla de Negocios Verdes: Corporación Autónoma Regional del Magdalena - CORPAMAG
COL073,Apertura,Ministerio de Igualdad y Equidad,Departamento Administrtivo para la prosperidad Social Centro Nacional de Memoría Histórica
COL074,Apertura,Departamento Nacional de Planeación,Alcaldía Mayor de Bogotá
